ID,KenmerkenHuishouden,RegioS,Perioden,ParticuliereHuishoudens_1,ParticuliereHuishoudensRelatief_2,TotaalVermogen_3,GemiddeldVermogen_4,MediaanVermogen_5,Regionaam,RegioType
0,1050010,NL01,2011JJ00,7347.5,100,1213.1,165.1,32.8,Netherlands,Country
1,1050010,NL01,2012JJ00,7412.1,100,1141.6,154.0,25.5,Netherlands,Country
2,1050010,NL01,2013JJ00,7467.8,100,1029.7,137.9,17.2,Netherlands,Country
3,1050010,NL01,2014JJ00,7496.4,100,1042.9,139.1,16.8,Netherlands,Country
4,1050010,NL01,2015JJ00,7568.5,100,1096.4,144.9,20.1,Netherlands,Country
5,1050010,NL01,2016JJ00,7623.2,100,1167.2,153.1,22.2,Netherlands,Country
6,1050010,NL01,2017JJ00,7694.9,100,1269.3,164.9,28.3,Netherlands,Country
7,1050010,NL01,2018JJ00,7760.6,100,1415.2,182.4,37.6,Netherlands,Country
8,1050010,NL01,2019JJ00,7823.9,100,1537.5,196.5,49.8,Netherlands,Country
4023,1050015,NL01,2011JJ00,2623.5,36,252.2,96.1,8.5,Netherlands,Country
4024,1050015,NL01,2012JJ00,2673.3,36,246.0,92.0,7.1,Netherlands,Country
4025,1050015,NL01,2013JJ00,2713.4,36,230.2,84.8,4.8,Netherlands,Country
4026,1050015,NL01,2014JJ00,2721.7,36,234.3,86.1,4.8,Netherlands,Country
4027,1050015,NL01,2015JJ00,2782.7,37,242.1,87.0,6.4,Netherlands,Country
4028,1050015,NL01,2016JJ00,2820.4,37,257.3,91.2,6.9,Netherlands,Country
4029,1050015,NL01,2017JJ00,2872.5,37,282.7,98.4,8.2,Netherlands,Country
4030,1050015,NL01,2018JJ00,2910.1,37,311.2,106.9,9.6,Netherlands,Country
4031,1050015,NL01,2019JJ00,2947.1,38,331.4,112.4,11.0,Netherlands,Country
8046,1016010,NL01,2011JJ00,4724.0,64,960.9,203.4,71.5,Netherlands,Country
8047,1016010,NL01,2012JJ00,4738.8,64,895.5,189.0,56.1,Netherlands,Country
8048,1016010,NL01,2013JJ00,4754.4,64,799.6,168.2,38.1,Netherlands,Country
8049,1016010,NL01,2014JJ00,4774.7,64,808.6,169.4,37.0,Netherlands,Country
8050,1016010,NL01,2015JJ00,4785.8,63,854.2,178.5,42.2,Netherlands,Country
8051,1016010,NL01,2016JJ00,4802.8,63,909.9,189.4,47.9,Netherlands,Country
8052,1016010,NL01,2017JJ00,4822.4,63,986.5,204.6,59.6,Netherlands,Country
8053,1016010,NL01,2018JJ00,4850.5,63,1104.0,227.6,75.9,Netherlands,Country
8054,1016010,NL01,2019JJ00,4876.8,62,1206.1,247.3,95.3,Netherlands,Country
12069,1050190,NL01,2011JJ00,472.2,6,41.8,88.5,4.4,Netherlands,Country
12070,1050190,NL01,2012JJ00,485.9,7,39.0,80.2,3.6,Netherlands,Country
12071,1050190,NL01,2013JJ00,496.9,7,34.3,69.0,2.2,Netherlands,Country
12072,1050190,NL01,2014JJ00,510.9,7,35.0,68.4,2.1,Netherlands,Country
12073,1050190,NL01,2015JJ00,518.2,7,37.2,71.8,3.0,Netherlands,Country
12074,1050190,NL01,2016JJ00,531.0,7,40.2,75.7,3.3,Netherlands,Country
12075,1050190,NL01,2017JJ00,534.5,7,44.4,83.0,4.3,Netherlands,Country
12076,1050190,NL01,2018JJ00,544.8,7,50.6,93.0,5.6,Netherlands,Country
12077,1050190,NL01,2019JJ00,554.4,7,56.4,101.8,7.2,Netherlands,Country
16092,1050055,NL01,2011JJ00,4105.7,56,888.3,216.4,87.3,Netherlands,Country
16093,1050055,NL01,2012JJ00,4109.0,55,828.3,201.6,71.1,Netherlands,Country
16094,1050055,NL01,2013JJ00,4115.7,55,739.5,179.7,50.0,Netherlands,Country
16095,1050055,NL01,2014JJ00,4122.7,55,747.5,181.3,48.9,Netherlands,Country
16096,1050055,NL01,2015JJ00,4124.5,54,790.4,191.6,55.1,Netherlands,Country
16097,1050055,NL01,2016JJ00,4129.1,54,842.4,204.0,61.7,Netherlands,Country
16098,1050055,NL01,2017JJ00,4139.4,54,911.6,220.2,75.3,Netherlands,Country
16099,1050055,NL01,2018JJ00,4157.1,54,1019.1,245.2,92.9,Netherlands,Country
16100,1050055,NL01,2019JJ00,4173.7,53,1113.4,266.8,113.9,Netherlands,Country
20115,1016090,NL01,2011JJ00,1997.2,27,387.2,193.9,77.2,Netherlands,Country
20116,1016090,NL01,2012JJ00,1995.1,27,352.4,176.6,56.8,Netherlands,Country
20117,1016090,NL01,2013JJ00,1990.7,27,299.9,150.7,31.0,Netherlands,Country
20118,1016090,NL01,2014JJ00,1983.3,26,299.9,151.2,28.4,Netherlands,Country
20119,1016090,NL01,2015JJ00,1976.6,26,316.9,160.3,33.4,Netherlands,Country
20120,1016090,NL01,2016JJ00,1969.8,26,345.1,175.2,39.9,Netherlands,Country
20121,1016090,NL01,2017JJ00,1968.3,26,381.5,193.8,53.7,Netherlands,Country
20122,1016090,NL01,2018JJ00,1966.2,25,437.0,222.3,72.3,Netherlands,Country
20123,1016090,NL01,2019JJ00,1966.1,25,486.4,247.4,95.4,Netherlands,Country
24138,1017780,NL01,2011JJ00,2108.5,29,501.0,237.6,100.9,Netherlands,Country
24139,1017780,NL01,2012JJ00,2113.9,29,475.9,225.1,89.9,Netherlands,Country
24140,1017780,NL01,2013JJ00,2125.1,28,439.6,206.9,75.0,Netherlands,Country
24141,1017780,NL01,2014JJ00,2139.4,29,447.6,209.2,75.6,Netherlands,Country
24142,1017780,NL01,2015JJ00,2147.9,28,473.5,220.4,83.4,Netherlands,Country
24143,1017780,NL01,2016JJ00,2159.3,28,497.3,230.3,90.1,Netherlands,Country
24144,1017780,NL01,2017JJ00,2171.1,28,530.1,244.2,103.0,Netherlands,Country
24145,1017780,NL01,2018JJ00,2191.0,28,582.1,265.7,119.4,Netherlands,Country
24146,1017780,NL01,2019JJ00,2207.6,28,627.0,284.0,137.6,Netherlands,Country
28161,1050220,NL01,2011JJ00,146.0,2,30.9,211.3,33.5,Netherlands,Country
28162,1050220,NL01,2012JJ00,143.9,2,28.3,196.3,24.4,Netherlands,Country
28163,1050220,NL01,2013JJ00,141.8,2,25.7,181.5,14.8,Netherlands,Country
28164,1050220,NL01,2014JJ00,141.1,2,26.1,185.3,14.1,Netherlands,Country
28165,1050220,NL01,2015JJ00,143.1,2,26.7,186.4,17.5,Netherlands,Country
28166,1050220,NL01,2016JJ00,142.7,2,27.2,190.9,19.9,Netherlands,Country
28167,1050220,NL01,2017JJ00,148.4,2,30.6,206.0,26.9,Netherlands,Country
28168,1050220,NL01,2018JJ00,148.5,2,34.2,230.5,39.4,Netherlands,Country
28169,1050220,NL01,2019JJ00,148.7,2,36.3,244.0,50.4,Netherlands,Country
32184,A025340,NL01,2011JJ00,384.5,5,2.4,6.2,0.2,Netherlands,Country
32185,A025340,NL01,2012JJ00,381.7,5,1.8,4.6,0.3,Netherlands,Country
32186,A025340,NL01,2013JJ00,378.8,5,1.4,3.7,0.2,Netherlands,Country
32187,A025340,NL01,2014JJ00,380.9,5,2.1,5.4,0.2,Netherlands,Country
32188,A025340,NL01,2015JJ00,387.8,5,3.3,8.6,0.5,Netherlands,Country
32189,A025340,NL01,2016JJ00,378.3,5,2.7,7.2,0.3,Netherlands,Country
32190,A025340,NL01,2017JJ00,368.9,5,2.7,7.4,0.2,Netherlands,Country
32191,A025340,NL01,2018JJ00,367.0,5,3.0,8.0,0.0,Netherlands,Country
32192,A025340,NL01,2019JJ00,356.6,5,2.5,6.9,0.0,Netherlands,Country
36207,A025343,NL01,2011JJ00,2463.3,34,170.8,69.3,5.7,Netherlands,Country
36208,A025343,NL01,2012JJ00,2444.9,33,134.4,55.0,2.1,Netherlands,Country
36209,A025343,NL01,2013JJ00,2422.5,32,91.4,37.7,0.3,Netherlands,Country
36210,A025343,NL01,2014JJ00,2393.5,32,88.6,37.0,0.3,Netherlands,Country
36211,A025343,NL01,2015JJ00,2366.6,31,98.8,41.7,0.9,Netherlands,Country
36212,A025343,NL01,2016JJ00,2348.3,31,110.7,47.2,1.7,Netherlands,Country
36213,A025343,NL01,2017JJ00,2345.7,30,133.9,57.1,4.7,Netherlands,Country
36214,A025343,NL01,2018JJ00,2355.0,30,168.7,71.6,9.8,Netherlands,Country
36215,A025343,NL01,2019JJ00,2374.6,30,196.7,82.8,16.7,Netherlands,Country
40230,A025351,NL01,2011JJ00,2794.6,38,610.2,218.3,96.4,Netherlands,Country
40231,A025351,NL01,2012JJ00,2805.8,38,567.9,202.4,79.1,Netherlands,Country
40232,A025351,NL01,2013JJ00,2818.7,38,512.5,181.8,55.8,Netherlands,Country
40233,A025351,NL01,2014JJ00,2830.0,38,512.7,181.2,52.6,Netherlands,Country
40234,A025351,NL01,2015JJ00,2860.2,38,530.5,185.5,54.8,Netherlands,Country
40235,A025351,NL01,2016JJ00,2892.3,38,562.9,194.6,57.5,Netherlands,Country
40236,A025351,NL01,2017JJ00,2922.3,38,605.1,207.1,65.5,Netherlands,Country
40237,A025351,NL01,2018JJ00,2935.7,38,673.0,229.2,77.7,Netherlands,Country
40238,A025351,NL01,2019JJ00,2940.8,38,731.0,248.6,93.4,Netherlands,Country
44253,A025359,NL01,2011JJ00,1705.1,23,429.7,252.0,99.5,Netherlands,Country
44254,A025359,NL01,2012JJ00,1779.8,24,437.5,245.8,99.3,Netherlands,Country
44255,A025359,NL01,2013JJ00,1847.8,25,424.4,229.7,94.2,Netherlands,Country
44256,A025359,NL01,2014JJ00,1892.1,25,439.6,232.3,97.0,Netherlands,Country
44257,A025359,NL01,2015JJ00,1954.0,26,463.8,237.4,101.2,Netherlands,Country
44258,A025359,NL01,2016JJ00,2004.3,26,490.8,244.9,106.0,Netherlands,Country
44259,A025359,NL01,2017JJ00,2057.9,27,527.5,256.3,114.3,Netherlands,Country
44260,A025359,NL01,2018JJ00,2102.9,27,570.5,271.3,127.2,Netherlands,Country
44261,A025359,NL01,2019JJ00,2151.9,28,607.3,282.2,142.6,Netherlands,Country
48276,A025362,NL01,2011JJ00,5911.4,80,1094.2,185.1,53.4,Netherlands,Country
48277,A025362,NL01,2012JJ00,5942.8,80,1028.2,173.0,43.0,Netherlands,Country
48278,A025362,NL01,2013JJ00,5973.4,80,933.1,156.2,30.6,Netherlands,Country
48279,A025362,NL01,2014JJ00,5977.6,80,944.1,157.9,30.4,Netherlands,Country
48280,A025362,NL01,2015JJ00,6010.0,79,990.1,164.7,34.5,Netherlands,Country
48281,A025362,NL01,2016JJ00,6021.1,79,1047.9,174.0,38.9,Netherlands,Country
48282,A025362,NL01,2017JJ00,6039.3,78,1133.3,187.7,48.1,Netherlands,Country
48283,A025362,NL01,2018JJ00,6046.7,78,1254.4,207.5,61.7,Netherlands,Country
48284,A025362,NL01,2019JJ00,6054.0,77,1361.6,224.9,78.4,Netherlands,Country
52299,A025363,NL01,2011JJ00,719.5,10,96.5,134.1,12.6,Netherlands,Country
52300,A025363,NL01,2012JJ00,735.8,10,92.8,126.1,9.0,Netherlands,Country
52301,A025363,NL01,2013JJ00,747.5,10,84.3,112.8,5.1,Netherlands,Country
52302,A025363,NL01,2014JJ00,758.6,10,86.1,113.5,4.9,Netherlands,Country
52303,A025363,NL01,2015JJ00,777.7,10,89.6,115.2,6.6,Netherlands,Country
52304,A025363,NL01,2016JJ00,792.6,10,99.9,126.0,7.7,Netherlands,Country
52305,A025363,NL01,2017JJ00,809.9,11,110.3,136.2,10.5,Netherlands,Country
52306,A025363,NL01,2018JJ00,833.7,11,126.2,151.4,13.6,Netherlands,Country
52307,A025363,NL01,2019JJ00,856.7,11,133.3,155.6,17.2,Netherlands,Country
56322,A025368,NL01,2011JJ00,716.6,10,22.4,31.2,0.4,Netherlands,Country
56323,A025368,NL01,2012JJ00,733.6,10,20.6,28.1,0.3,Netherlands,Country
56324,A025368,NL01,2013JJ00,747.0,10,12.3,16.5,0.1,Netherlands,Country
56325,A025368,NL01,2014JJ00,760.2,10,12.7,16.8,0.1,Netherlands,Country
56326,A025368,NL01,2015JJ00,780.9,10,16.7,21.4,0.5,Netherlands,Country
56327,A025368,NL01,2016JJ00,809.5,11,19.5,24.0,0.6,Netherlands,Country
56328,A025368,NL01,2017JJ00,845.7,11,25.6,30.3,0.8,Netherlands,Country
56329,A025368,NL01,2018JJ00,880.3,11,34.5,39.2,1.0,Netherlands,Country
56330,A025368,NL01,2019JJ00,913.2,12,42.5,46.6,1.2,Netherlands,Country
60345,1013400,NL01,2011JJ00,3954.6,54,397.4,100.5,23.9,Netherlands,Country
60346,1013400,NL01,2012JJ00,3945.9,53,345.1,87.4,15.7,Netherlands,Country
60347,1013400,NL01,2013JJ00,3906.0,52,274.5,70.3,6.9,Netherlands,Country
60348,1013400,NL01,2014JJ00,3886.0,52,273.4,70.4,7.0,Netherlands,Country
60349,1013400,NL01,2015JJ00,3921.0,52,305.3,77.9,10.2,Netherlands,Country
60350,1013400,NL01,2016JJ00,3960.2,52,331.5,83.7,13.1,Netherlands,Country
60351,1013400,NL01,2017JJ00,4020.1,52,378.1,94.1,19.8,Netherlands,Country
60352,1013400,NL01,2018JJ00,4111.1,53,445.6,108.4,28.6,Netherlands,Country
60353,1013400,NL01,2019JJ00,4180.2,53,508.2,121.6,40.5,Netherlands,Country
64368,1013601,NL01,2011JJ00,613.6,8,293.8,478.9,163.9,Netherlands,Country
64369,1013601,NL01,2012JJ00,617.0,8,283.3,459.1,138.7,Netherlands,Country
64370,1013601,NL01,2013JJ00,619.7,8,267.1,430.9,108.6,Netherlands,Country
64371,1013601,NL01,2014JJ00,636.5,8,274.7,431.5,103.7,Netherlands,Country
64372,1013601,NL01,2015JJ00,657.3,9,281.7,428.6,105.0,Netherlands,Country
64373,1013601,NL01,2016JJ00,677.2,9,305.5,451.2,113.3,Netherlands,Country
64374,1013601,NL01,2017JJ00,686.8,9,304.4,443.3,126.4,Netherlands,Country
64375,1013601,NL01,2018JJ00,713.8,9,378.6,530.4,153.3,Netherlands,Country
64376,1013601,NL01,2019JJ00,731.4,9,407.1,556.6,176.1,Netherlands,Country
68391,1013650,NL01,2011JJ00,2779.3,38,521.8,187.8,33.1,Netherlands,Country
68392,1013650,NL01,2012JJ00,2849.3,38,513.2,180.1,31.2,Netherlands,Country
68393,1013650,NL01,2013JJ00,2942.1,39,488.2,165.9,26.5,Netherlands,Country
68394,1013650,NL01,2014JJ00,2973.8,40,494.9,166.4,25.8,Netherlands,Country
68395,1013650,NL01,2015JJ00,2990.2,40,509.4,170.3,28.3,Netherlands,Country
68396,1013650,NL01,2016JJ00,2985.9,39,530.1,177.5,28.6,Netherlands,Country
68397,1013650,NL01,2017JJ00,2988.0,39,586.7,196.4,32.9,Netherlands,Country
68398,1013650,NL01,2018JJ00,2935.8,38,591.1,201.3,38.9,Netherlands,Country
68399,1013650,NL01,2019JJ00,2912.3,37,622.2,213.6,45.9,Netherlands,Country
72414,1013700,NL01,2011JJ00,2329.3,32,518.8,222.7,79.0,Netherlands,Country
72415,1013700,NL01,2012JJ00,2381.1,32,510.6,214.4,74.5,Netherlands,Country
72416,1013700,NL01,2013JJ00,2437.2,33,485.7,199.3,66.4,Netherlands,Country
72417,1013700,NL01,2014JJ00,2452.1,33,493.0,201.0,68.0,Netherlands,Country
72418,1013700,NL01,2015JJ00,2455.9,32,507.0,206.4,72.6,Netherlands,Country
72419,1013700,NL01,2016JJ00,2458.3,32,527.6,214.6,77.7,Netherlands,Country
72420,1013700,NL01,2017JJ00,2472.4,32,584.1,236.2,87.3,Netherlands,Country
72421,1013700,NL01,2018JJ00,2451.6,32,588.1,239.9,98.8,Netherlands,Country
72422,1013700,NL01,2019JJ00,2453.6,31,619.0,252.3,112.0,Netherlands,Country
76437,1013750,NL01,2011JJ00,82.1,1,6.5,79.3,6.0,Netherlands,Country
76438,1013750,NL01,2012JJ00,95.8,1,6.4,66.4,3.5,Netherlands,Country
76439,1013750,NL01,2013JJ00,121.1,2,6.5,53.3,1.9,Netherlands,Country
76440,1013750,NL01,2014JJ00,127.1,2,7.3,57.7,2.5,Netherlands,Country
76441,1013750,NL01,2015JJ00,112.3,1,7.9,70.3,5.3,Netherlands,Country
76442,1013750,NL01,2016JJ00,95.1,1,8.0,83.7,8.7,Netherlands,Country
76443,1013750,NL01,2017JJ00,77.4,1,7.8,101.2,13.1,Netherlands,Country
76444,1013750,NL01,2018JJ00,60.7,1,7.6,125.3,23.5,Netherlands,Country
76445,1013750,NL01,2019JJ00,52.2,1,7.1,136.0,27.9,Netherlands,Country
80460,1013800,NL01,2011JJ00,260.2,4,19.7,75.8,4.5,Netherlands,Country
80461,1013800,NL01,2012JJ00,261.1,4,17.3,66.4,3.5,Netherlands,Country
80462,1013800,NL01,2013JJ00,263.9,4,14.9,56.3,2.3,Netherlands,Country
80463,1013800,NL01,2014JJ00,260.0,3,14.0,53.8,1.9,Netherlands,Country
80464,1013800,NL01,2015JJ00,258.9,3,14.5,56.0,2.5,Netherlands,Country
80465,1013800,NL01,2016JJ00,259.9,3,14.8,57.0,2.4,Netherlands,Country
80466,1013800,NL01,2017JJ00,263.4,3,16.3,61.8,2.9,Netherlands,Country
80467,1013800,NL01,2018JJ00,266.1,3,18.2,68.6,3.3,Netherlands,Country
80468,1013800,NL01,2019JJ00,268.7,3,19.7,73.2,3.8,Netherlands,Country
84483,1013850,NL01,2011JJ00,1987.1,27,492.5,247.9,112.7,Netherlands,Country
84484,1013850,NL01,2012JJ00,2024.2,27,486.9,240.5,107.2,Netherlands,Country
84485,1013850,NL01,2013JJ00,2052.2,27,464.4,226.3,98.1,Netherlands,Country
84486,1013850,NL01,2014JJ00,2065.0,28,471.7,228.4,99.4,Netherlands,Country
84487,1013850,NL01,2015JJ00,2084.7,28,484.6,232.4,103.0,Netherlands,Country
84488,1013850,NL01,2016JJ00,2103.3,28,504.8,240.0,107.9,Netherlands,Country
84489,1013850,NL01,2017JJ00,2131.6,28,560.0,262.7,117.7,Netherlands,Country
84490,1013850,NL01,2018JJ00,2124.8,27,562.2,264.6,130.4,Netherlands,Country
84491,1013850,NL01,2019JJ00,2132.7,27,592.2,277.7,146.0,Netherlands,Country
88506,1013900,NL01,2011JJ00,351.1,5,2.8,8.1,0.4,Netherlands,Country
88507,1013900,NL01,2012JJ00,367.8,5,2.5,6.7,0.4,Netherlands,Country
88508,1013900,NL01,2013JJ00,398.7,5,2.3,5.8,0.4,Netherlands,Country
88509,1013900,NL01,2014JJ00,409.4,5,1.7,4.1,0.3,Netherlands,Country
88510,1013900,NL01,2015JJ00,422.0,6,2.0,4.9,0.5,Netherlands,Country
88511,1013900,NL01,2016JJ00,435.9,6,2.1,4.9,0.5,Netherlands,Country
88512,1013900,NL01,2017JJ00,447.1,6,2.6,5.8,0.6,Netherlands,Country
88513,1013900,NL01,2018JJ00,429.9,6,2.8,6.5,0.7,Netherlands,Country
88514,1013900,NL01,2019JJ00,412.9,5,3.1,7.5,0.7,Netherlands,Country
92529,1014050,NL01,2011JJ00,98.8,1,0.2,2.3,0.2,Netherlands,Country
92530,1014050,NL01,2012JJ00,100.3,1,0.2,1.8,0.3,Netherlands,Country
92531,1014050,NL01,2013JJ00,106.2,1,0.2,1.4,0.1,Netherlands,Country
92532,1014050,NL01,2014JJ00,112.4,1,0.2,1.8,0.1,Netherlands,Country
92533,1014050,NL01,2015JJ00,112.3,1,0.4,3.2,0.3,Netherlands,Country
92534,1014050,NL01,2016JJ00,91.6,1,0.4,4.6,0.0,Netherlands,Country
92535,1014050,NL01,2017JJ00,68.5,1,0.0,0.6,-1.2,Netherlands,Country
92536,1014050,NL01,2018JJ00,54.3,1,0.2,3.2,-1.7,Netherlands,Country
92537,1014050,NL01,2019JJ00,45.8,1,0.2,3.3,-2.3,Netherlands,Country
96552,1014800,NL01,2011JJ00,4160.8,57,1130.4,271.7,156.2,Netherlands,Country
96553,1014800,NL01,2012JJ00,4195.2,57,1058.1,252.2,137.5,Netherlands,Country
96554,1014800,NL01,2013JJ00,4226.7,57,945.5,223.7,110.4,Netherlands,Country
96555,1014800,NL01,2014JJ00,4254.4,57,962.9,226.3,109.9,Netherlands,Country
96556,1014800,NL01,2015JJ00,4287.0,57,1016.9,237.2,117.9,Netherlands,Country
96557,1014800,NL01,2016JJ00,4327.4,57,1086.2,251.0,125.0,Netherlands,Country
96558,1014800,NL01,2017JJ00,4369.3,57,1186.9,271.6,139.6,Netherlands,Country
96559,1014800,NL01,2018JJ00,4415.7,57,1330.6,301.3,159.7,Netherlands,Country
96560,1014800,NL01,2019JJ00,4443.4,57,1448.8,326.1,182.3,Netherlands,Country
100575,1014850,NL01,2011JJ00,3186.7,43,82.7,26.0,2.8,Netherlands,Country
100576,1014850,NL01,2012JJ00,3216.9,43,83.5,26.0,2.6,Netherlands,Country
100577,1014850,NL01,2013JJ00,3241.2,43,84.2,26.0,2.0,Netherlands,Country
100578,1014850,NL01,2014JJ00,3242.0,43,80.1,24.7,1.8,Netherlands,Country
100579,1014850,NL01,2015JJ00,3281.6,43,79.5,24.2,2.4,Netherlands,Country
100580,1014850,NL01,2016JJ00,3295.8,43,80.9,24.6,2.3,Netherlands,Country
100581,1014850,NL01,2017JJ00,3325.6,43,82.4,24.8,2.4,Netherlands,Country
100582,1014850,NL01,2018JJ00,3344.9,43,84.6,25.3,2.3,Netherlands,Country
100583,1014850,NL01,2019JJ00,3380.5,43,88.7,26.2,2.4,Netherlands,Country
104598,1014900,NL01,2011JJ00,1123.4,15,5.0,4.4,1.3,Netherlands,Country
104599,1014900,NL01,2012JJ00,1140.8,15,4.0,3.5,1.2,Netherlands,Country
104600,1014900,NL01,2013JJ00,1126.5,15,2.8,2.5,1.0,Netherlands,Country
104601,1014900,NL01,2014JJ00,1224.6,16,2.2,1.8,1.0,Netherlands,Country
104602,1014900,NL01,2015JJ00,1267.6,17,3.0,2.4,1.3,Netherlands,Country
104603,1014900,NL01,2016JJ00,1278.0,17,2.2,1.7,1.1,Netherlands,Country
104604,1014900,NL01,2017JJ00,1290.1,17,2.6,2.0,1.2,Netherlands,Country
104605,1014900,NL01,2018JJ00,1290.8,17,3.1,2.4,1.3,Netherlands,Country
104606,1014900,NL01,2019JJ00,1310.3,17,3.4,2.6,1.3,Netherlands,Country
108621,1014950,NL01,2011JJ00,2063.3,28,77.7,37.7,5.1,Netherlands,Country
108622,1014950,NL01,2012JJ00,2076.1,28,79.5,38.3,4.8,Netherlands,Country
108623,1014950,NL01,2013JJ00,2114.7,28,81.5,38.5,3.6,Netherlands,Country
108624,1014950,NL01,2014JJ00,2017.4,27,77.9,38.6,3.6,Netherlands,Country
108625,1014950,NL01,2015JJ00,2014.0,27,76.5,38.0,4.8,Netherlands,Country
108626,1014950,NL01,2016JJ00,2017.9,26,78.7,39.0,4.8,Netherlands,Country
108627,1014950,NL01,2017JJ00,2035.5,26,79.8,39.2,4.9,Netherlands,Country
108628,1014950,NL01,2018JJ00,2054.1,26,81.6,39.7,4.6,Netherlands,Country
108629,1014950,NL01,2019JJ00,2070.2,26,85.3,41.2,4.7,Netherlands,Country
112644,1014752,NL01,2011JJ00,1469.5,20,65.0,44.3,1.1,Netherlands,Country
112645,1014752,NL01,2012JJ00,1482.4,20,57.0,38.5,1.0,Netherlands,Country
112646,1014752,NL01,2013JJ00,1493.6,20,52.3,35.0,0.8,Netherlands,Country
112647,1014752,NL01,2014JJ00,1499.3,20,50.5,33.7,0.8,Netherlands,Country
112648,1014752,NL01,2015JJ00,1513.7,20,67.4,44.5,1.0,Netherlands,Country
112649,1014752,NL01,2016JJ00,1524.6,20,66.5,43.6,1.0,Netherlands,Country
112650,1014752,NL01,2017JJ00,1539.0,20,80.2,52.1,1.1,Netherlands,Country
112651,1014752,NL01,2018JJ00,1552.1,20,92.4,59.5,1.2,Netherlands,Country
112652,1014752,NL01,2019JJ00,1564.8,20,96.9,61.9,1.3,Netherlands,Country
116667,1014753,NL01,2011JJ00,1469.5,20,104.6,71.2,13.1,Netherlands,Country
116668,1014753,NL01,2012JJ00,1482.4,20,91.8,61.9,10.5,Netherlands,Country
116669,1014753,NL01,2013JJ00,1493.6,20,79.4,53.2,7.1,Netherlands,Country
116670,1014753,NL01,2014JJ00,1499.3,20,80.9,54.0,6.9,Netherlands,Country
116671,1014753,NL01,2015JJ00,1513.7,20,89.0,58.8,8.9,Netherlands,Country
116672,1014753,NL01,2016JJ00,1524.6,20,100.8,66.1,9.6,Netherlands,Country
116673,1014753,NL01,2017JJ00,1539.0,20,109.2,71.0,10.6,Netherlands,Country
116674,1014753,NL01,2018JJ00,1552.1,20,123.5,79.6,11.9,Netherlands,Country
116675,1014753,NL01,2019JJ00,1564.8,20,139.0,88.8,13.9,Netherlands,Country
120690,1014754,NL01,2011JJ00,1469.5,20,177.1,120.5,46.7,Netherlands,Country
120691,1014754,NL01,2012JJ00,1482.4,20,161.0,108.6,38.0,Netherlands,Country
120692,1014754,NL01,2013JJ00,1493.6,20,145.2,97.2,29.2,Netherlands,Country
120693,1014754,NL01,2014JJ00,1499.3,20,148.0,98.7,29.7,Netherlands,Country
120694,1014754,NL01,2015JJ00,1513.7,20,161.7,106.8,33.6,Netherlands,Country
120695,1014754,NL01,2016JJ00,1524.6,20,170.8,112.0,36.8,Netherlands,Country
120696,1014754,NL01,2017JJ00,1539.0,20,186.2,121.0,44.2,Netherlands,Country
120697,1014754,NL01,2018JJ00,1552.1,20,211.8,136.5,55.6,Netherlands,Country
120698,1014754,NL01,2019JJ00,1564.8,20,235.3,150.4,68.4,Netherlands,Country
124713,1014755,NL01,2011JJ00,1469.5,20,247.6,168.5,99.8,Netherlands,Country
124714,1014755,NL01,2012JJ00,1482.4,20,227.2,153.3,84.6,Netherlands,Country
124715,1014755,NL01,2013JJ00,1493.6,20,200.6,134.3,62.6,Netherlands,Country
124716,1014755,NL01,2014JJ00,1499.3,20,200.2,133.5,61.4,Netherlands,Country
124717,1014755,NL01,2015JJ00,1513.7,20,220.9,145.9,67.7,Netherlands,Country
124718,1014755,NL01,2016JJ00,1524.6,20,231.9,152.1,70.8,Netherlands,Country
124719,1014755,NL01,2017JJ00,1539.0,20,251.8,163.6,82.9,Netherlands,Country
124720,1014755,NL01,2018JJ00,1552.1,20,287.5,185.2,97.9,Netherlands,Country
124721,1014755,NL01,2019JJ00,1564.8,20,321.1,205.2,117.7,Netherlands,Country
128736,1014756,NL01,2011JJ00,1469.5,20,618.9,421.1,202.8,Netherlands,Country
128737,1014756,NL01,2012JJ00,1482.4,20,604.5,407.8,185.1,Netherlands,Country
128738,1014756,NL01,2013JJ00,1493.6,20,552.1,369.7,149.6,Netherlands,Country
128739,1014756,NL01,2014JJ00,1499.3,20,563.4,375.8,147.5,Netherlands,Country
128740,1014756,NL01,2015JJ00,1513.7,20,557.4,368.2,149.9,Netherlands,Country
128741,1014756,NL01,2016JJ00,1524.6,20,597.2,391.7,155.9,Netherlands,Country
128742,1014756,NL01,2017JJ00,1539.0,20,641.9,417.1,174.6,Netherlands,Country
128743,1014756,NL01,2018JJ00,1552.1,20,700.0,451.0,198.3,Netherlands,Country
128744,1014756,NL01,2019JJ00,1564.8,20,745.2,476.2,223.9,Netherlands,Country
132759,1021200,NL01,2011JJ00,1469.5,20,-43.5,-29.6,-11.5,Netherlands,Country
132760,1021200,NL01,2012JJ00,1482.4,20,-56.0,-37.8,-18.4,Netherlands,Country
132761,1021200,NL01,2013JJ00,1493.6,20,-76.9,-51.5,-32.1,Netherlands,Country
132762,1021200,NL01,2014JJ00,1499.3,20,-77.1,-51.5,-31.3,Netherlands,Country
132763,1021200,NL01,2015JJ00,1513.7,20,-70.6,-46.6,-25.8,Netherlands,Country
132764,1021200,NL01,2016JJ00,1524.6,20,-63.1,-41.4,-20.2,Netherlands,Country
132765,1021200,NL01,2017JJ00,1539.0,20,-53.4,-34.7,-12.9,Netherlands,Country
132766,1021200,NL01,2018JJ00,1552.1,20,-47.0,-30.3,-7.9,Netherlands,Country
132767,1021200,NL01,2019JJ00,1564.8,20,-42.6,-27.2,-4.3,Netherlands,Country
136782,1021210,NL01,2011JJ00,1469.5,20,5.3,3.6,2.4,Netherlands,Country
136783,1021210,NL01,2012JJ00,1482.4,20,3.4,2.3,1.5,Netherlands,Country
136784,1021210,NL01,2013JJ00,1493.6,20,0.9,0.6,0.5,Netherlands,Country
136785,1021210,NL01,2014JJ00,1499.3,20,0.8,0.5,0.5,Netherlands,Country
136786,1021210,NL01,2015JJ00,1513.7,20,2.1,1.4,1.0,Netherlands,Country
136787,1021210,NL01,2016JJ00,1524.6,20,2.9,1.9,1.3,Netherlands,Country
136788,1021210,NL01,2017JJ00,1539.0,20,4.9,3.2,2.2,Netherlands,Country
136789,1021210,NL01,2018JJ00,1552.1,20,7.4,4.8,3.4,Netherlands,Country
136790,1021210,NL01,2019JJ00,1564.8,20,10.6,6.8,5.0,Netherlands,Country
140805,1021220,NL01,2011JJ00,1469.5,20,55.6,37.8,32.8,Netherlands,Country
140806,1021220,NL01,2012JJ00,1482.4,20,44.3,29.9,25.5,Netherlands,Country
140807,1021220,NL01,2013JJ00,1493.6,20,30.4,20.3,17.2,Netherlands,Country
140808,1021220,NL01,2014JJ00,1499.3,20,30.0,20.0,16.8,Netherlands,Country
140809,1021220,NL01,2015JJ00,1513.7,20,35.2,23.3,20.1,Netherlands,Country
140810,1021220,NL01,2016JJ00,1524.6,20,39.7,26.0,22.2,Netherlands,Country
140811,1021220,NL01,2017JJ00,1539.0,20,50.1,32.5,28.3,Netherlands,Country
140812,1021220,NL01,2018JJ00,1552.1,20,65.1,41.9,37.6,Netherlands,Country
140813,1021220,NL01,2019JJ00,1564.8,20,84.1,53.8,49.8,Netherlands,Country
144828,1021230,NL01,2011JJ00,1469.5,20,231.7,157.7,155.4,Netherlands,Country
144829,1021230,NL01,2012JJ00,1482.4,20,208.5,140.6,138.1,Netherlands,Country
144830,1021230,NL01,2013JJ00,1493.6,20,176.1,117.9,114.7,Netherlands,Country
144831,1021230,NL01,2014JJ00,1499.3,20,176.0,117.4,114.2,Netherlands,Country
144832,1021230,NL01,2015JJ00,1513.7,20,186.9,123.5,120.3,Netherlands,Country
144833,1021230,NL01,2016JJ00,1524.6,20,198.3,130.0,126.7,Netherlands,Country
144834,1021230,NL01,2017JJ00,1539.0,20,220.6,143.3,139.9,Netherlands,Country
144835,1021230,NL01,2018JJ00,1552.1,20,251.8,162.2,158.7,Netherlands,Country
144836,1021230,NL01,2019JJ00,1564.8,20,286.1,182.9,179.1,Netherlands,Country
148851,1021240,NL01,2011JJ00,1469.5,20,964.1,656.1,407.4,Netherlands,Country
148852,1021240,NL01,2012JJ00,1482.4,20,941.4,635.0,385.4,Netherlands,Country
148853,1021240,NL01,2013JJ00,1493.6,20,899.3,602.1,354.3,Netherlands,Country
148854,1021240,NL01,2014JJ00,1499.3,20,913.3,609.2,354.6,Netherlands,Country
148855,1021240,NL01,2015JJ00,1513.7,20,942.8,622.8,363.8,Netherlands,Country
148856,1021240,NL01,2016JJ00,1524.6,20,989.5,649.0,377.0,Netherlands,Country
148857,1021240,NL01,2017JJ00,1539.0,20,1047.1,680.4,399.2,Netherlands,Country
148858,1021240,NL01,2018JJ00,1552.1,20,1137.9,733.1,433.1,Netherlands,Country
148859,1021240,NL01,2019JJ00,1564.8,20,1199.2,766.4,464.9,Netherlands,Country
152874,3000911,NL01,2011JJ00,950.9,13,-42.9,-45.1,-23.0,Netherlands,Country
152875,3000911,NL01,2012JJ00,1154.1,16,-55.3,-47.9,-26.2,Netherlands,Country
152876,3000911,NL01,2013JJ00,1438.4,19,-76.7,-53.3,-33.6,Netherlands,Country
152877,3000911,NL01,2014JJ00,1453.9,19,-76.9,-52.9,-32.6,Netherlands,Country
152878,3000911,NL01,2015JJ00,1347.6,18,-70.0,-52.0,-30.3,Netherlands,Country
152879,3000911,NL01,2016JJ00,1224.0,16,-62.4,-51.0,-28.0,Netherlands,Country
152880,3000911,NL01,2017JJ00,1035.4,13,-52.7,-50.9,-25.1,Netherlands,Country
152881,3000911,NL01,2018JJ00,879.3,11,-46.4,-52.7,-23.2,Netherlands,Country
152882,3000911,NL01,2019JJ00,757.2,10,-42.1,-55.6,-22.8,Netherlands,Country
156897,3000874,NL01,2011JJ00,364.0,5,-0.7,-1.8,-1.4,Netherlands,Country
156898,3000874,NL01,2012JJ00,445.1,6,-0.7,-1.6,-1.1,Netherlands,Country
156899,3000874,NL01,2013JJ00,446.7,6,-0.7,-1.6,-1.1,Netherlands,Country
156900,3000874,NL01,2014JJ00,448.3,6,-0.7,-1.7,-1.2,Netherlands,Country
156901,3000874,NL01,2015JJ00,435.5,6,-0.7,-1.7,-1.2,Netherlands,Country
156902,3000874,NL01,2016JJ00,450.8,6,-0.8,-1.7,-1.2,Netherlands,Country
156903,3000874,NL01,2017JJ00,416.0,5,-0.7,-1.7,-1.3,Netherlands,Country
156904,3000874,NL01,2018JJ00,393.1,5,-0.7,-1.7,-1.3,Netherlands,Country
156905,3000874,NL01,2019JJ00,368.8,5,-0.6,-1.7,-1.2,Netherlands,Country
160920,3000912,NL01,2011JJ00,578.5,8,0.2,0.3,0.2,Netherlands,Country
160921,3000912,NL01,2012JJ00,494.0,7,0.2,0.4,0.3,Netherlands,Country
160922,3000912,NL01,2013JJ00,556.5,7,0.2,0.4,0.3,Netherlands,Country
160923,3000912,NL01,2014JJ00,563.3,8,0.2,0.4,0.3,Netherlands,Country
160924,3000912,NL01,2015JJ00,496.4,7,0.2,0.4,0.4,Netherlands,Country
160925,3000912,NL01,2016JJ00,519.9,7,0.2,0.4,0.4,Netherlands,Country
160926,3000912,NL01,2017JJ00,523.2,7,0.2,0.4,0.4,Netherlands,Country
160927,3000912,NL01,2018JJ00,526.3,7,0.2,0.4,0.4,Netherlands,Country
160928,3000912,NL01,2019JJ00,520.2,7,0.2,0.4,0.4,Netherlands,Country
164943,3000913,NL01,2011JJ00,609.3,8,1.6,2.6,2.4,Netherlands,Country
164944,3000913,NL01,2012JJ00,631.1,9,1.6,2.6,2.4,Netherlands,Country
164945,3000913,NL01,2013JJ00,659.9,9,1.7,2.5,2.3,Netherlands,Country
164946,3000913,NL01,2014JJ00,664.3,9,1.7,2.5,2.3,Netherlands,Country
164947,3000913,NL01,2015JJ00,690.5,9,1.7,2.5,2.3,Netherlands,Country
164948,3000913,NL01,2016JJ00,689.8,9,1.7,2.5,2.3,Netherlands,Country
164949,3000913,NL01,2017JJ00,711.9,9,1.8,2.5,2.3,Netherlands,Country
164950,3000913,NL01,2018JJ00,704.2,9,1.8,2.5,2.3,Netherlands,Country
164951,3000913,NL01,2019JJ00,697.4,9,1.8,2.5,2.3,Netherlands,Country
168966,1021320,NL01,2011JJ00,348.2,5,2.5,7.3,7.2,Netherlands,Country
168967,1021320,NL01,2012JJ00,358.9,5,2.6,7.3,7.2,Netherlands,Country
168968,1021320,NL01,2013JJ00,336.6,5,2.4,7.3,7.2,Netherlands,Country
168969,1021320,NL01,2014JJ00,334.5,4,2.4,7.3,7.2,Netherlands,Country
168970,1021320,NL01,2015JJ00,367.6,5,2.7,7.3,7.2,Netherlands,Country
168971,1021320,NL01,2016JJ00,374.8,5,2.7,7.3,7.2,Netherlands,Country
168972,1021320,NL01,2017JJ00,386.3,5,2.8,7.3,7.2,Netherlands,Country
168973,1021320,NL01,2018JJ00,371.4,5,2.7,7.3,7.2,Netherlands,Country
168974,1021320,NL01,2019JJ00,356.6,5,2.6,7.3,7.2,Netherlands,Country
172989,1021330,NL01,2011JJ00,436.4,6,6.4,14.6,14.5,Netherlands,Country
172990,1021330,NL01,2012JJ00,426.4,6,6.2,14.6,14.4,Netherlands,Country
172991,1021330,NL01,2013JJ00,389.2,5,5.7,14.6,14.4,Netherlands,Country
172992,1021330,NL01,2014JJ00,390.4,5,5.7,14.6,14.4,Netherlands,Country
172993,1021330,NL01,2015JJ00,441.1,6,6.5,14.6,14.4,Netherlands,Country
172994,1021330,NL01,2016JJ00,466.1,6,6.8,14.7,14.5,Netherlands,Country
172995,1021330,NL01,2017JJ00,485.6,6,7.1,14.6,14.4,Netherlands,Country
172996,1021330,NL01,2018JJ00,476.9,6,7.0,14.6,14.4,Netherlands,Country
172997,1021330,NL01,2019JJ00,446.8,6,6.5,14.6,14.4,Netherlands,Country
177012,1021340,NL01,2011JJ00,709.5,10,23.1,32.6,31.4,Netherlands,Country
177013,1021340,NL01,2012JJ00,694.4,9,22.7,32.7,31.6,Netherlands,Country
177014,1021340,NL01,2013JJ00,641.2,9,21.1,32.9,31.9,Netherlands,Country
177015,1021340,NL01,2014JJ00,638.9,9,21.1,33.0,31.9,Netherlands,Country
177016,1021340,NL01,2015JJ00,692.1,9,22.7,32.8,31.7,Netherlands,Country
177017,1021340,NL01,2016JJ00,699.1,9,22.9,32.7,31.5,Netherlands,Country
177018,1021340,NL01,2017JJ00,750.1,10,24.5,32.7,31.4,Netherlands,Country
177019,1021340,NL01,2018JJ00,780.1,10,25.7,33.0,32.1,Netherlands,Country
177020,1021340,NL01,2019JJ00,768.5,10,25.6,33.2,32.4,Netherlands,Country
181035,1021350,NL01,2011JJ00,600.1,8,44.2,73.6,73.0,Netherlands,Country
181036,1021350,NL01,2012JJ00,604.8,8,44.5,73.7,73.1,Netherlands,Country
181037,1021350,NL01,2013JJ00,605.8,8,44.6,73.7,73.1,Netherlands,Country
181038,1021350,NL01,2014JJ00,606.8,8,44.7,73.7,73.1,Netherlands,Country
181039,1021350,NL01,2015JJ00,617.8,8,45.5,73.6,72.9,Netherlands,Country
181040,1021350,NL01,2016JJ00,636.1,8,46.7,73.4,72.6,Netherlands,Country
181041,1021350,NL01,2017JJ00,664.3,9,48.7,73.3,72.5,Netherlands,Country
181042,1021350,NL01,2018JJ00,697.2,9,51.1,73.3,72.5,Netherlands,Country
181043,1021350,NL01,2019JJ00,738.1,9,54.1,73.3,72.6,Netherlands,Country
185058,1021360,NL01,2011JJ00,945.9,13,140.3,148.4,147.7,Netherlands,Country
185059,1021360,NL01,2012JJ00,929.3,13,137.5,147.9,147.0,Netherlands,Country
185060,1021360,NL01,2013JJ00,904.5,12,133.0,147.0,145.6,Netherlands,Country
185061,1021360,NL01,2014JJ00,902.9,12,132.7,147.0,145.7,Netherlands,Country
185062,1021360,NL01,2015JJ00,916.4,12,135.0,147.3,146.1,Netherlands,Country
185063,1021360,NL01,2016JJ00,924.3,12,136.2,147.3,146.0,Netherlands,Country
185064,1021360,NL01,2017JJ00,947.9,12,139.7,147.4,146.1,Netherlands,Country
185065,1021360,NL01,2018JJ00,969.9,12,143.0,147.4,146.2,Netherlands,Country
185066,1021360,NL01,2019JJ00,1009.5,13,148.7,147.3,146.0,Netherlands,Country
189081,1021370,NL01,2011JJ00,1275.6,17,397.2,311.4,294.7,Netherlands,Country
189082,1021370,NL01,2012JJ00,1181.0,16,366.7,310.5,293.7,Netherlands,Country
189083,1021370,NL01,2013JJ00,1041.8,14,322.4,309.4,292.2,Netherlands,Country
189084,1021370,NL01,2014JJ00,1041.4,14,322.0,309.2,291.9,Netherlands,Country
189085,1021370,NL01,2015JJ00,1091.5,14,337.7,309.4,292.1,Netherlands,Country
189086,1021370,NL01,2016JJ00,1136.9,15,352.6,310.1,293.0,Netherlands,Country
189087,1021370,NL01,2017JJ00,1225.2,16,381.7,311.6,295.1,Netherlands,Country
189088,1021370,NL01,2018JJ00,1336.9,17,419.3,313.6,298.0,Netherlands,Country
189089,1021370,NL01,2019JJ00,1461.8,19,461.8,315.9,301.2,Netherlands,Country
193104,1021380,NL01,2011JJ00,369.8,5,249.9,675.7,644.0,Netherlands,Country
193105,1021380,NL01,2012JJ00,339.9,5,230.1,676.8,645.3,Netherlands,Country
193106,1021380,NL01,2013JJ00,299.9,4,203.4,678.2,647.3,Netherlands,Country
193107,1021380,NL01,2014JJ00,300.4,4,204.0,679.0,648.2,Netherlands,Country
193108,1021380,NL01,2015JJ00,314.1,4,213.1,678.4,647.6,Netherlands,Country
193109,1021380,NL01,2016JJ00,332.9,4,226.0,678.8,647.9,Netherlands,Country
193110,1021380,NL01,2017JJ00,368.1,5,249.7,678.3,647.4,Netherlands,Country
193111,1021380,NL01,2018JJ00,419.4,5,284.5,678.5,647.7,Netherlands,Country
193112,1021380,NL01,2019JJ00,476.0,6,322.7,678.0,647.0,Netherlands,Country
197127,1021390,NL01,2011JJ00,159.2,2,391.2,2457.1,1487.9,Netherlands,Country
197128,1021390,NL01,2012JJ00,153.1,2,385.3,2516.5,1501.9,Netherlands,Country
197129,1021390,NL01,2013JJ00,147.3,2,372.6,2530.6,1533.7,Netherlands,Country
197130,1021390,NL01,2014JJ00,151.3,2,386.1,2551.4,1545.3,Netherlands,Country
197131,1021390,NL01,2015JJ00,157.9,2,402.2,2546.3,1544.0,Netherlands,Country
197132,1021390,NL01,2016JJ00,168.5,2,434.5,2578.9,1549.8,Netherlands,Country
197133,1021390,NL01,2017JJ00,180.9,2,466.4,2578.1,1537.7,Netherlands,Country
197134,1021390,NL01,2018JJ00,205.8,3,526.9,2561.0,1540.8,Netherlands,Country
197135,1021390,NL01,2019JJ00,223.0,3,556.3,2494.7,1525.3,Netherlands,Country
